username,history_created_at,location_picked_from,description
DanielBrym,"2017-01-20 09:04:15",56229,2MH-INB
DanielBrym,"2017-01-20 09:05:16",56229,2MH-INB
DanielBrym,"2017-01-20 09:06:07",56229,2MH-INB
DanielBrym,"2017-01-20 09:07:36",56229,2MH-INB
DanielBrym,"2017-01-20 09:08:25",56229,2MH-INB
DanielBrym,"2017-01-20 09:29:33",56229,2MH-INB
DanielBrym,"2017-01-20 09:48:36",56229,2MH-INB
DanielBrym,"2017-01-20 09:49:32",56229,2MH-INB
DanielBrym,"2017-01-20 09:52:38",56229,2MH-INB
DanielBrym,"2017-01-20 09:54:40",56229,2MH-INB
DanielBrym,"2017-01-20 09:55:36",56229,2MH-INB
DanielBrym,"2017-01-20 09:56:30",56229,2MH-INB
DanielBrym,"2017-01-20 09:57:25",56229,2MH-INB
DanielBrym,"2017-01-20 09:59:27",56229,2MH-INB
DanielBrym,"2017-01-20 10:10:28",56229,2MH-INB
DanielBrym,"2017-01-20 10:11:24",56229,2MH-INB
DanielBrym,"2017-01-20 10:23:11",56229,2MH-INB
DanielBrym,"2017-01-20 10:24:50",56229,2MH-INB
DanielBrym,"2017-01-20 10:26:04",56229,2MH-INB
DanielBrym,"2017-01-20 10:27:17",56229,2MH-INB
DanielBrym,"2017-01-20 10:32:09",56229,2MH-INB
DanielBrym,"2017-01-20 10:32:59",56229,2MH-INB
DanielBrym,"2017-01-20 10:33:42",56229,2MH-INB
DanielBrym,"2017-01-20 10:34:28",56229,2MH-INB
DanielBrym,"2017-01-20 10:35:19",56229,2MH-INB
DanielBrym,"2017-01-20 10:36:21",56229,2MH-INB
DanielBrym,"2017-01-20 10:37:15",56229,2MH-INB
DanielBrym,"2017-01-20 11:31:32",56229,2MH-INB
DanielBrym,"2017-01-20 11:32:23",56229,2MH-INB
DanielBrym,"2017-01-20 11:33:09",56229,2MH-INB
DanielBrym,"2017-01-20 11:34:04",56229,2MH-INB
DanielBrym,"2017-01-20 11:34:52",56229,2MH-INB
DanielBrym,"2017-01-20 11:35:44",56229,2MH-INB
DanielBrym,"2017-01-20 11:36:36",56229,2MH-INB
DanielBrym,"2017-01-20 11:37:33",56229,2MH-INB
DanielBrym,"2017-01-20 11:38:15",56229,2MH-INB
DanielBrym,"2017-01-20 11:51:59",56229,2MH-INB
DanielBrym,"2017-01-20 11:52:46",56229,2MH-INB
DanielBrym,"2017-01-20 11:53:36",56229,2MH-INB
DanielBrym,"2017-01-20 11:54:24",56229,2MH-INB
DanielBrym,"2017-01-20 11:55:10",56229,2MH-INB
DanielBrym,"2017-01-20 11:56:04",56229,2MH-INB
DanielBrym,"2017-01-20 11:56:51",56229,2MH-INB
DanielBrym,"2017-01-20 12:04:14",56229,2MH-INB
DanielBrym,"2017-01-20 12:04:15",56229,2MH-INB
DanielBrym,"2017-01-20 12:05:10",56229,2MH-INB
DanielBrym,"2017-01-20 12:09:06",56229,2MH-INB
DanielBrym,"2017-01-20 12:09:54",56229,2MH-INB
DanielBrym,"2017-01-20 12:10:43",56229,2MH-INB
DanielBrym,"2017-01-20 12:11:26",56229,2MH-INB
DanielBrym,"2017-01-20 12:12:12",56229,2MH-INB
DanielBrym,"2017-01-20 12:19:31",56229,2MH-INB
DanielBrym,"2017-01-20 14:47:34",56229,2MH-INB
DanielBrym,"2017-01-20 14:48:39",56229,2MH-INB
DanielBrym,"2017-01-20 14:49:16",56229,2MH-INB
DanielBrym,"2017-01-20 14:52:57",56229,2MH-INB
DanielBrym,"2017-01-20 14:52:58",56229,2MH-INB
DanielBrym,"2017-01-20 14:53:48",56229,2MH-INB
DanielBrym,"2017-01-20 14:54:18",56229,2MH-INB
DanielBrym,"2017-01-20 14:59:37",56229,2MH-INB
Dino3,"2017-01-20 11:43:10",2,INB
Dino3,"2017-01-20 11:43:17",2,INB
Dino3,"2017-01-20 11:43:22",2,INB
Dino3,"2017-01-20 11:43:28",2,INB
Dino3,"2017-01-20 11:43:32",2,INB
Dino3,"2017-01-20 11:43:37",2,INB
Dino3,"2017-01-20 11:43:42",2,INB
Dino3,"2017-01-20 11:43:47",2,INB
Dino3,"2017-01-20 11:46:34",2,INB
Dino3,"2017-01-20 11:46:48",2,INB
Dino3,"2017-01-20 11:46:57",2,INB
Dino3,"2017-01-20 11:47:11",2,INB
Dino3,"2017-01-20 11:47:21",2,INB
Dino3,"2017-01-20 11:48:06",2,INB
Dino3,"2017-01-20 11:48:12",2,INB
Dino3,"2017-01-20 11:48:19",2,INB
Dino3,"2017-01-20 11:50:16",2,INB
Dino3,"2017-01-20 11:50:25",2,INB
FlorianDollhardt,"2017-01-20 10:18:12",56229,2MH-INB
FlorianDollhardt,"2017-01-20 10:18:12",56229,2MH-INB
FlorianDollhardt,"2017-01-20 10:21:22",56229,2MH-INB
FlorianDollhardt,"2017-01-20 10:23:36",56229,2MH-INB
FlorianDollhardt,"2017-01-20 10:56:24",56229,2MH-INB
FlorianDollhardt,"2017-01-20 10:56:24",56229,2MH-INB
FlorianDollhardt,"2017-01-20 10:57:47",56229,2MH-INB
FlorianDollhardt,"2017-01-20 10:57:47",56229,2MH-INB
FlorianDollhardt,"2017-01-20 10:58:55",56229,2MH-INB
FlorianDollhardt,"2017-01-20 11:03:19",56229,2MH-INB
FlorianDollhardt,"2017-01-20 11:03:19",56229,2MH-INB
FlorianDollhardt,"2017-01-20 11:04:30",56229,2MH-INB
FlorianDollhardt,"2017-01-20 11:04:31",56229,2MH-INB
FlorianDollhardt,"2017-01-20 11:05:22",56229,2MH-INB
FlorianDollhardt,"2017-01-20 11:10:13",56229,2MH-INB
FlorianDollhardt,"2017-01-20 11:11:15",56229,2MH-INB
FlorianDollhardt,"2017-01-20 11:12:18",56229,2MH-INB
FlorianDollhardt,"2017-01-20 11:13:25",56229,2MH-INB
FlorianDollhardt,"2017-01-20 11:14:16",56229,2MH-INB
FlorianDollhardt,"2017-01-20 11:18:38",56229,2MH-INB
FlorianDollhardt,"2017-01-20 11:19:39",56229,2MH-INB
FlorianDollhardt,"2017-01-20 11:20:18",56229,2MH-INB
FlorianDollhardt,"2017-01-20 11:21:05",56229,2MH-INB
FlorianDollhardt,"2017-01-20 11:22:38",56229,2MH-INB
FlorianDollhardt,"2017-01-20 11:23:44",56229,2MH-INB
FlorianDollhardt,"2017-01-20 11:24:37",56229,2MH-INB
FlorianDollhardt,"2017-01-20 11:25:48",56229,2MH-INB
FlorianDollhardt,"2017-01-20 11:25:48",56229,2MH-INB
FlorianDollhardt,"2017-01-20 11:26:42",56229,2MH-INB
Picker01,"2017-01-20 07:50:11",3487,MZ1-0115A03
Picker01,"2017-01-20 07:51:08",57565,MZ1-0122A01
Picker01,"2017-01-20 07:54:20",4111,MZ1-0332A03
Picker01,"2017-01-20 07:59:28",10084,MZ1-2531A03
Picker01,"2017-01-20 08:03:35",10824,MZ1-2813D05
Picker01,"2017-01-20 08:04:33",10841,MZ1-2816D04
Picker01,"2017-01-20 08:05:43",11085,MZ1-2913D05
Picker01,"2017-01-20 08:06:47",11422,MZ1-3019D01
Picker01,"2017-01-20 08:11:09",12380,MZ1-3334A02
Picker01,"2017-01-20 08:12:20",12443,MZ1-3341A02
Picker01,"2017-01-20 08:15:14",12816,MZ1-3517A03
Picker01,"2017-01-20 08:19:17",12904,MZ1-3529A01
Picker01,"2017-01-20 08:37:55",10084,MZ1-2531A03
Picker01,"2017-01-20 08:40:53",10824,MZ1-2813D05
Picker01,"2017-01-20 08:42:12",11422,MZ1-3019D01
Picker01,"2017-01-20 08:47:36",4111,MZ1-0332A03
Picker01,"2017-01-20 08:51:19",4882,MZ1-0719A03
Picker01,"2017-01-20 08:52:24",4882,MZ1-0719A03
Picker01,"2017-01-20 08:55:04",5370,MZ1-0910A02
Picker01,"2017-01-20 09:02:47",5452,MZ1-0919A03
Picker01,"2017-01-20 09:04:31",10465,MZ1-2708A03
Picker01,"2017-01-20 09:05:34",10472,MZ1-2709A01
Picker01,"2017-01-20 09:06:18",10523,MZ1-2714D04
Picker01,"2017-01-20 09:08:48",10585,MZ1-2723D03
Picker01,"2017-01-20 09:09:17",10596,MZ1-2724D05
Picker01,"2017-01-20 09:13:42",10989,MZ1-2903A02
Picker01,"2017-01-20 09:15:02",11286,MZ1-2938A02
Picker01,"2017-01-20 09:16:54",11864,MZ1-3140A02
Picker01,"2017-01-20 09:18:15",11052,MZ1-2910A02
Picker01,"2017-01-20 09:20:07",11052,MZ1-2910A02
Picker01,"2017-01-20 09:39:12",10182,MZ1-2542A02
Picker01,"2017-01-20 09:41:03",10436,MZ1-2705A01
Picker01,"2017-01-20 09:42:27",10726,MZ1-2739A03
Picker01,"2017-01-20 09:54:30",11078,MZ1-2913A01
Picker01,"2017-01-20 09:56:10",11184,MZ1-2926D05
Picker01,"2017-01-20 09:56:45",11184,MZ1-2926D05
Picker01,"2017-01-20 09:58:19",11599,MZ1-3108A03
Picker01,"2017-01-20 09:59:48",11678,MZ1-3117A02
Picker01,"2017-01-20 10:01:59",11696,MZ1-3119A03
Picker01,"2017-01-20 10:03:25",12336,MZ1-3329A03
Picker01,"2017-01-20 10:04:34",12434,MZ1-3340A02
Picker01,"2017-01-20 10:11:23",11184,MZ1-2926D05
Picker01,"2017-01-20 10:13:59",11696,MZ1-3119A03
Picker01,"2017-01-20 10:22:43",4518,MZ1-0538A02
Picker01,"2017-01-20 10:26:41",11563,MZ1-3104A03
Picker01,"2017-01-20 10:28:12",11570,MZ1-3105A01
Picker01,"2017-01-20 10:30:42",11616,MZ1-3110A03
Picker01,"2017-01-20 10:32:09",11836,MZ1-3137A01
Picker01,"2017-01-20 10:33:57",11900,MZ1-3204D05
Picker01,"2017-01-20 10:35:08",12174,MZ1-3309A03
Picker01,"2017-01-20 10:38:38",12199,MZ1-3312A01
Picker01,"2017-01-20 10:39:51",12228,MZ1-3315A03
Picker01,"2017-01-20 10:41:15",12236,MZ1-3316A02
Picker01,"2017-01-20 10:41:39",12244,MZ1-3317A01
Picker01,"2017-01-20 10:43:21",12416,MZ1-3338A02
Picker01,"2017-01-20 10:48:15",11900,MZ1-3204D05
Picker01,"2017-01-20 10:49:04",12199,MZ1-3312A01
Picker01,"2017-01-20 10:55:41",11251,MZ1-2934A03
Picker01,"2017-01-20 10:56:53",11553,MZ1-3103A02
Picker01,"2017-01-20 10:59:44",11834,MZ1-3136D05
Picker01,"2017-01-20 11:01:30",12138,MZ1-3305A03
Picker01,"2017-01-20 11:03:29",12138,MZ1-3305A03
Picker01,"2017-01-20 11:07:21",12327,MZ1-3328A03
Picker01,"2017-01-20 11:08:59",11891,MZ1-3203D02
Picker01,"2017-01-20 11:09:27",12138,MZ1-3305A03
Picker01,"2017-01-20 11:19:58",4907,MZ1-0724A01
Picker01,"2017-01-20 11:20:46",4907,MZ1-0724A01
Picker01,"2017-01-20 11:23:05",10420,MZ1-2703A03
Picker01,"2017-01-20 11:24:49",10492,MZ1-2711A03
Picker01,"2017-01-20 11:25:46",10536,MZ1-2716A02
Picker01,"2017-01-20 11:26:08",10536,MZ1-2716A02
Picker01,"2017-01-20 11:28:45",10636,MZ1-2729A03
Picker01,"2017-01-20 12:06:03",11590,MZ1-3107A03
Picker01,"2017-01-20 12:11:22",11606,MZ1-3109A01
Picker01,"2017-01-20 12:12:13",11625,MZ1-3111A03
Picker01,"2017-01-20 12:14:48",11634,MZ1-3112A03
Picker01,"2017-01-20 12:15:45",11991,MZ1-3219D06
Picker01,"2017-01-20 12:17:00",12138,MZ1-3305A03
Picker01,"2017-01-20 12:18:34",12336,MZ1-3329A03
Picker01,"2017-01-20 12:19:11",12363,MZ1-3332A03
Picker01,"2017-01-20 12:23:40",4518,MZ1-0538A02
Picker01,"2017-01-20 12:31:38",6031,MZ1-1123A02
Picker01,"2017-01-20 12:39:54",6572,MZ1-1318A02
Picker01,"2017-01-20 12:41:32",6770,MZ1-1342A02
Picker01,"2017-01-20 12:44:17",10990,MZ1-2903A03
Picker01,"2017-01-20 12:45:20",11060,MZ1-2911A01
Picker01,"2017-01-20 12:46:28",11151,MZ1-2923A02
Picker01,"2017-01-20 12:47:36",11704,MZ1-3120A02
Picker01,"2017-01-20 12:49:33",11873,MZ1-3141A02
Picker01,"2017-01-20 12:51:51",11891,MZ1-3203D02
Picker01,"2017-01-20 12:53:52",12165,MZ1-3308A03
Picker01,"2017-01-20 12:55:26",12228,MZ1-3315A03
Picker01,"2017-01-20 12:56:35",12336,MZ1-3329A03
Picker01,"2017-01-20 12:58:35",12354,MZ1-3331A03
Picker01,"2017-01-20 13:00:04",12363,MZ1-3332A03
Picker01,"2017-01-20 13:10:26",3614,MZ1-0133A02
Picker01,"2017-01-20 13:12:13",6472,MZ1-1307A01
Picker01,"2017-01-20 13:14:22",10492,MZ1-2711A03
Picker01,"2017-01-20 13:16:35",10574,MZ1-2720D01
Picker01,"2017-01-20 13:19:09",10589,MZ1-2724A01
Picker01,"2017-01-20 13:23:00",10726,MZ1-2739A03
Picker01,"2017-01-20 13:28:21",11061,MZ1-2911A02
Picker01,"2017-01-20 13:31:11",11287,MZ1-2938A03
Picker01,"2017-01-20 13:32:14",11313,MZ1-2941A02
Picker01,"2017-01-20 13:34:32",12371,MZ1-3333A02
Picker01,"2017-01-20 13:35:53",12371,MZ1-3333A02
Picker01,"2017-01-20 13:37:23",12899,MZ1-3528D02
Picker01,"2017-01-20 13:44:00",13174,MZ1-3627A01
Picker01,"2017-01-20 13:45:07",13205,MZ1-3631A02
Picker01,"2017-01-20 13:53:49",10589,MZ1-2724A01
Picker01,"2017-01-20 13:56:41",10427,MZ1-2704A01
Picker01,"2017-01-20 13:57:35",10508,MZ1-2713A01
Picker01,"2017-01-20 13:59:26",10575,MZ1-2720D02
Picker01,"2017-01-20 14:00:46",10598,MZ1-2725A01
Picker01,"2017-01-20 14:02:54",10754,MZ1-2742D01
Picker01,"2017-01-20 14:03:19",10754,MZ1-2742D01
Picker01,"2017-01-20 14:03:32",10754,MZ1-2742D01
Picker01,"2017-01-20 14:05:45",11115,MZ1-2917A02
Picker01,"2017-01-20 14:07:00",11115,MZ1-2917A02
Picker01,"2017-01-20 14:09:32",12385,MZ1-3334D04
Picker01,"2017-01-20 14:09:49",12385,MZ1-3334D04
Picker01,"2017-01-20 14:15:33",10754,MZ1-2742D01
Picker01,"2017-01-20 14:16:32",12385,MZ1-3334D04
Picker01,"2017-01-20 14:19:07",10589,MZ1-2724A01
Picker01,"2017-01-20 14:20:19",10654,MZ1-2731A03
Picker01,"2017-01-20 14:22:21",11008,MZ1-2905A03
Picker01,"2017-01-20 14:24:19",11115,MZ1-2917A02
Picker01,"2017-01-20 14:25:12",11136,MZ1-2919D02
Picker01,"2017-01-20 14:25:50",11138,MZ1-2919D04
Picker01,"2017-01-20 14:27:00",11200,MZ1-2928D03
Picker01,"2017-01-20 14:28:14",11710,MZ1-3120D05
Picker01,"2017-01-20 14:30:32",12201,MZ1-3312A03
Picker01,"2017-01-20 14:35:46",12353,MZ1-3331A02
Picker01,"2017-01-20 14:40:03",12362,MZ1-3332A02
Picker01,"2017-01-20 14:40:38",12385,MZ1-3334D04
Picker01,"2017-01-20 14:42:04",12385,MZ1-3334D04
Picker02,"2017-01-20 07:10:28",11767,MZ1-3129A03
Picker02,"2017-01-20 07:11:15",11835,MZ1-3136D06
Picker02,"2017-01-20 07:11:34",11843,MZ1-3137D05
Picker02,"2017-01-20 07:11:38",11843,MZ1-3137D05
Picker02,"2017-01-20 07:12:09",11843,MZ1-3137D05
Picker02,"2017-01-20 07:13:06",12352,MZ1-3331A01
Picker02,"2017-01-20 07:13:11",12352,MZ1-3331A01
Picker02,"2017-01-20 07:13:44",12534,MZ1-3415D03
Picker02,"2017-01-20 07:17:14",13413,MZ2-0111D03
Picker02,"2017-01-20 07:18:09",14270,MZ2-0306B01
Picker02,"2017-01-20 07:18:55",15771,MZ2-0528B02
Picker02,"2017-01-20 07:19:19",16260,MZ2-0623D02
Picker02,"2017-01-20 07:19:34",17406,MZ2-0824C02
Picker02,"2017-01-20 07:20:03",18975,MZ2-1115B03
Picker02,"2017-01-20 07:20:13",18975,MZ2-1115B03
Picker02,"2017-01-20 07:21:15",19702,MZ2-1227C01
Picker02,"2017-01-20 07:21:38",21268,MZ2-1516A01
Picker02,"2017-01-20 07:21:58",21556,MZ2-1534A01
Picker02,"2017-01-20 07:22:07",21556,MZ2-1534A01
Picker02,"2017-01-20 07:22:12",21556,MZ2-1534A01
Picker02,"2017-01-20 07:23:06",21669,MZ2-1540B03
Picker02,"2017-01-20 07:23:57",23335,MZ2-1904B01
Picker02,"2017-01-20 07:24:09",23383,MZ2-1906D04
Picker02,"2017-01-20 07:35:22",26000,MZ2-2327D04
Picker02,"2017-01-20 07:35:27",26000,MZ2-2327D04
Picker02,"2017-01-20 07:38:49",32172,MZ2-3420D02
Picker02,"2017-01-20 07:41:39",34080,MZ3-0131B02
Picker02,"2017-01-20 07:42:18",34510,MZ3-0236D05
Picker02,"2017-01-20 07:43:03",36397,MZ3-0542B02
Picker02,"2017-01-20 07:45:20",38010,MZ3-0903B01
Picker02,"2017-01-20 07:47:04",39398,MZ3-1118B03
Picker02,"2017-01-20 07:47:36",39901,MZ3-1210D05
Picker02,"2017-01-20 07:48:05",41736,MZ3-1523C04
Picker02,"2017-01-20 07:48:35",43129,MZ3-1737C05
Picker02,"2017-01-20 07:49:28",43698,MZ3-1903D04
Picker02,"2017-01-20 07:50:12",45400,MZ3-2137B02
Picker02,"2017-01-20 07:50:49",46127,MZ3-2312B03
Picker02,"2017-01-20 07:51:28",46439,MZ3-2331C06
Picker02,"2017-01-20 07:52:09",48417,MZ3-2712D04
Picker02,"2017-01-20 07:52:58",48966,MZ3-2806D01
Picker02,"2017-01-20 07:53:29",50297,MZ3-3025C02
Picker02,"2017-01-20 07:54:29",51280,MZ3-3210C05
Picker02,"2017-01-20 07:54:51",51418,MZ3-3223D05
Picker02,"2017-01-20 07:54:56",51418,MZ3-3223D05
Picker02,"2017-01-20 08:04:08",3404,MZ1-0103A01
Picker02,"2017-01-20 08:04:45",3891,MZ1-0305D05
Picker02,"2017-01-20 08:05:36",3900,MZ1-0306D05
Picker02,"2017-01-20 08:06:01",3900,MZ1-0306D05
Picker02,"2017-01-20 08:06:46",3966,MZ1-0314A02
Picker02,"2017-01-20 08:07:13",4237,MZ1-0412D06
Picker02,"2017-01-20 08:07:29",4239,MZ1-0414D02
Picker02,"2017-01-20 08:08:54",4903,MZ1-0723D03
Picker02,"2017-01-20 08:09:26",6285,MZ1-1215D06
Picker02,"2017-01-20 08:10:01",6426,MZ1-1241D03
Picker02,"2017-01-20 08:11:45",9857,MZ1-2504A01
Picker02,"2017-01-20 08:12:40",11250,MZ1-2934A02
Picker02,"2017-01-20 08:13:15",12026,MZ1-3227D05
Picker02,"2017-01-20 08:14:00",12425,MZ1-3339A02
Picker02,"2017-01-20 08:21:52",14529,MZ2-0320C05
Picker02,"2017-01-20 08:22:23",18098,MZ2-0930D04
Picker02,"2017-01-20 08:23:08",19923,MZ2-1304C06
Picker02,"2017-01-20 08:23:40",20203,MZ2-1320B01
Picker02,"2017-01-20 08:24:48",27242,MZ2-2533C04
Picker02,"2017-01-20 08:25:39",32267,MZ2-3430D01
Picker02,"2017-01-20 08:26:30",33198,MZ2-3609C04
Picker02,"2017-01-20 08:26:48",33198,MZ2-3609C04
Picker02,"2017-01-20 08:29:35",34879,MZ3-0319B02
Picker02,"2017-01-20 08:31:14",35244,MZ3-0341C04
Picker02,"2017-01-20 08:31:51",36115,MZ3-0526C05
Picker02,"2017-01-20 08:32:23",36296,MZ3-0536C06
Picker02,"2017-01-20 08:32:48",36851,MZ3-0641D03
Picker02,"2017-01-20 08:33:57",40417,MZ3-1311C05
Picker02,"2017-01-20 08:34:32",40863,MZ3-1338C01
Picker02,"2017-01-20 08:35:12",42237,MZ3-1615D01
Picker02,"2017-01-20 08:35:49",42565,MZ3-1704B02
Picker02,"2017-01-20 08:36:27",45149,MZ3-2123B03
Picker02,"2017-01-20 08:37:01",47558,MZ3-2530C03
Picker02,"2017-01-20 08:37:43",48287,MZ3-2705C06
Picker02,"2017-01-20 08:38:11",49047,MZ3-2813C04
Picker02,"2017-01-20 08:38:22",49070,MZ3-2815C03
Picker02,"2017-01-20 08:38:58",49421,MZ3-2905B03
Picker02,"2017-01-20 08:39:30",50097,MZ3-3005D04
Picker02,"2017-01-20 08:40:55",50646,MZ3-3110D01
Picker02,"2017-01-20 08:41:49",51246,MZ3-3207D01
Picker02,"2017-01-20 08:46:40",4400,MZ1-0525A01
Picker02,"2017-01-20 08:47:06",4498,MZ1-0535D06
Picker02,"2017-01-20 08:47:43",5472,MZ1-0923D02
Picker02,"2017-01-20 08:47:50",5472,MZ1-0923D02
Picker02,"2017-01-20 08:48:02",5472,MZ1-0923D02
Picker02,"2017-01-20 08:48:53",8198,MZ1-1908D05
Picker02,"2017-01-20 08:49:03",8203,MZ1-1909D01
Picker02,"2017-01-20 08:49:14",8208,MZ1-1909D06
Picker02,"2017-01-20 08:50:12",10020,MZ1-2524A02
Picker02,"2017-01-20 08:50:29",10074,MZ1-2530A02
Picker02,"2017-01-20 08:51:14",10420,MZ1-2703A03
Picker02,"2017-01-20 08:51:42",10526,MZ1-2715A01
Picker02,"2017-01-20 08:51:48",10526,MZ1-2715A01
Picker02,"2017-01-20 08:51:52",10526,MZ1-2715A01
Picker02,"2017-01-20 08:51:57",10526,MZ1-2715A01
Picker02,"2017-01-20 08:52:40",10826,MZ1-2814D01
Picker02,"2017-01-20 08:52:55",10865,MZ1-2820D04
Picker02,"2017-01-20 08:53:26",11451,MZ1-3025D06
Picker02,"2017-01-20 08:53:44",11465,MZ1-3028D03
Picker02,"2017-01-20 08:54:36",11553,MZ1-3103A02
Picker02,"2017-01-20 08:54:46",11579,MZ1-3106A01
Picker02,"2017-01-20 08:54:55",11579,MZ1-3106A01
Picker02,"2017-01-20 08:57:36",11590,MZ1-3107A03
Picker02,"2017-01-20 08:58:19",11606,MZ1-3109A01
Picker02,"2017-01-20 08:58:34",11616,MZ1-3110A03
Picker02,"2017-01-20 08:58:40",11616,MZ1-3110A03
Picker02,"2017-01-20 08:59:01",11623,MZ1-3111A01
Picker02,"2017-01-20 08:59:09",11623,MZ1-3111A01
Picker02,"2017-01-20 08:59:22",11624,MZ1-3111A02
Picker02,"2017-01-20 08:59:29",11624,MZ1-3111A02
Picker02,"2017-01-20 08:59:37",11624,MZ1-3111A02
Picker02,"2017-01-20 08:59:48",11625,MZ1-3111A03
Picker02,"2017-01-20 09:00:06",11625,MZ1-3111A03
Picker02,"2017-01-20 09:00:29",11634,MZ1-3112A03
Picker02,"2017-01-20 09:00:40",11634,MZ1-3112A03
Picker02,"2017-01-20 09:00:55",11634,MZ1-3112A03
Picker02,"2017-01-20 09:01:08",11641,MZ1-3113A01
Picker02,"2017-01-20 09:01:25",11660,MZ1-3115A02
Picker02,"2017-01-20 09:01:52",11660,MZ1-3115A02
Picker02,"2017-01-20 09:02:30",11669,MZ1-3116A02
Picker02,"2017-01-20 09:02:51",11678,MZ1-3117A02
Picker02,"2017-01-20 09:03:00",11678,MZ1-3117A02
Picker02,"2017-01-20 09:03:13",11686,MZ1-3118A01
Picker02,"2017-01-20 09:03:39",11686,MZ1-3118A01
Picker02,"2017-01-20 09:03:45",11686,MZ1-3118A01
Picker02,"2017-01-20 09:04:18",11696,MZ1-3119A03
Picker02,"2017-01-20 09:04:54",11834,MZ1-3136D05
Picker02,"2017-01-20 09:05:40",11900,MZ1-3204D05
Picker02,"2017-01-20 09:05:57",11922,MZ1-3208D03
Picker02,"2017-01-20 09:06:03",11922,MZ1-3208D03
Picker02,"2017-01-20 09:06:12",11922,MZ1-3208D03
Picker02,"2017-01-20 09:06:23",11923,MZ1-3208D04
Picker02,"2017-01-20 09:07:41",12119,MZ1-3303A02
Picker02,"2017-01-20 09:07:52",12138,MZ1-3305A03
Picker02,"2017-01-20 09:08:30",12326,MZ1-3328A02
Picker02,"2017-01-20 09:08:35",12326,MZ1-3328A02
Picker02,"2017-01-20 09:09:38",12363,MZ1-3332A03
Picker02,"2017-01-20 09:09:48",12371,MZ1-3333A02
Picker02,"2017-01-20 09:10:13",12390,MZ1-3335A03
Picker02,"2017-01-20 09:15:21",3566,MZ1-0127A01
Picker02,"2017-01-20 09:15:39",4047,MZ1-0325A02
Picker02,"2017-01-20 09:15:54",4047,MZ1-0325A02
Picker02,"2017-01-20 09:16:29",4498,MZ1-0535D06
Picker02,"2017-01-20 09:16:34",4498,MZ1-0535D06
Picker02,"2017-01-20 09:17:08",4812,MZ1-0711D02
Picker02,"2017-01-20 09:17:40",5778,MZ1-1027D03
Picker02,"2017-01-20 09:17:45",5778,MZ1-1027D03
Picker02,"2017-01-20 09:18:24",5872,MZ1-1103A03
Picker02,"2017-01-20 09:18:32",5907,MZ1-1107A02
Picker02,"2017-01-20 09:18:43",5907,MZ1-1107A02
Picker02,"2017-01-20 09:19:36",7513,MZ1-1632D04
Picker02,"2017-01-20 09:20:18",8432,MZ1-1936D05
Picker02,"2017-01-20 09:20:22",8432,MZ1-1936D05
Picker02,"2017-01-20 09:20:27",8432,MZ1-1936D05
Picker02,"2017-01-20 09:20:32",8432,MZ1-1936D05
Picker02,"2017-01-20 09:20:55",8448,MZ1-1938D03
Picker02,"2017-01-20 09:22:02",9915,MZ1-2510D02
Picker02,"2017-01-20 09:22:13",9941,MZ1-2513D01
Picker02,"2017-01-20 09:22:26",9953,MZ1-2514D04
Picker02,"2017-01-20 09:22:59",10029,MZ1-2525A02
Picker02,"2017-01-20 09:23:09",10032,MZ1-2525D02
Picker02,"2017-01-20 09:23:14",10032,MZ1-2525D02
Picker02,"2017-01-20 09:23:40",10047,MZ1-2527A02
Picker02,"2017-01-20 09:26:14",10074,MZ1-2530A02
Picker02,"2017-01-20 09:26:58",10242,MZ1-2611D05
Picker02,"2017-01-20 09:27:13",10279,MZ1-2617D06
Picker02,"2017-01-20 09:27:20",10279,MZ1-2617D06
Picker02,"2017-01-20 09:27:27",10279,MZ1-2617D06
Picker02,"2017-01-20 09:28:34",10427,MZ1-2704A01
Picker02,"2017-01-20 09:28:59",10428,MZ1-2704A02
Picker02,"2017-01-20 09:29:25",10559,MZ1-2718D04
Picker02,"2017-01-20 09:29:29",10559,MZ1-2718D04
Picker02,"2017-01-20 09:29:34",10559,MZ1-2718D04
Picker02,"2017-01-20 09:30:02",10577,MZ1-2720D04
Picker02,"2017-01-20 09:30:22",10679,MZ1-2734A01
Picker02,"2017-01-20 09:30:48",10867,MZ1-2820D06
Picker02,"2017-01-20 09:30:53",10867,MZ1-2820D06
Picker02,"2017-01-20 09:31:20",11073,MZ1-2912D02
Picker02,"2017-01-20 09:31:42",11161,MZ1-2924A03
Picker02,"2017-01-20 09:32:49",11215,MZ1-2930A03
Picker02,"2017-01-20 09:33:01",11249,MZ1-2934A01
Picker02,"2017-01-20 09:33:47",11251,MZ1-2934A03
Picker02,"2017-01-20 09:34:08",11287,MZ1-2938A03
Picker02,"2017-01-20 09:34:31",11312,MZ1-2941A01
Picker02,"2017-01-20 09:34:56",11313,MZ1-2941A02
Picker02,"2017-01-20 09:35:06",11313,MZ1-2941A02
Picker02,"2017-01-20 09:36:29",11676,MZ1-3116D06
Picker02,"2017-01-20 09:37:01",11705,MZ1-3120A03
Picker02,"2017-01-20 09:37:58",11802,MZ1-3133A02
Picker02,"2017-01-20 09:38:12",11803,MZ1-3133A03
Picker02,"2017-01-20 09:39:16",11829,MZ1-3136A03
Picker02,"2017-01-20 09:39:30",11841,MZ1-3137D03
Picker02,"2017-01-20 09:39:38",11841,MZ1-3137D03
Picker02,"2017-01-20 09:40:56",12174,MZ1-3309A03
Picker02,"2017-01-20 09:41:05",12174,MZ1-3309A03
Picker02,"2017-01-20 09:41:30",12232,MZ1-3315D04
Picker02,"2017-01-20 09:42:16",12447,MZ1-3341D03
Picker02,"2017-01-20 09:44:53",42820,MZ3-1718C02
Picker02,"2017-01-20 09:56:45",3890,MZ1-0305D04
Picker02,"2017-01-20 09:57:25",4170,MZ1-0338D05
Picker02,"2017-01-20 09:58:01",4458,MZ1-0531D02
Picker02,"2017-01-20 10:05:27",10047,MZ1-2527A02
Picker02,"2017-01-20 10:05:42",10074,MZ1-2530A02
Picker02,"2017-01-20 10:05:49",10074,MZ1-2530A02
Picker02,"2017-01-20 10:06:13",10074,MZ1-2530A02
Picker02,"2017-01-20 10:06:27",10101,MZ1-2533A02
Picker02,"2017-01-20 10:06:32",10101,MZ1-2533A02
Picker02,"2017-01-20 10:06:38",10101,MZ1-2533A02
Picker02,"2017-01-20 10:06:53",10101,MZ1-2533A02
Picker02,"2017-01-20 10:07:51",10436,MZ1-2705A01
Picker02,"2017-01-20 10:07:56",10436,MZ1-2705A01
Picker02,"2017-01-20 10:08:01",10436,MZ1-2705A01
Picker02,"2017-01-20 10:08:10",10436,MZ1-2705A01
Picker02,"2017-01-20 10:08:34",10445,MZ1-2706A01
Picker02,"2017-01-20 10:08:38",10445,MZ1-2706A01
Picker02,"2017-01-20 10:09:56",10465,MZ1-2708A03
Picker02,"2017-01-20 10:10:06",10510,MZ1-2713A03
Picker02,"2017-01-20 10:10:25",10536,MZ1-2716A02
Picker02,"2017-01-20 10:11:30",10671,MZ1-2733A02
Picker02,"2017-01-20 10:11:35",10671,MZ1-2733A02
Picker02,"2017-01-20 10:12:24",10842,MZ1-2816D05
Picker02,"2017-01-20 10:12:47",10849,MZ1-2817D06
Picker02,"2017-01-20 10:13:04",11115,MZ1-2917A02
Picker02,"2017-01-20 10:13:09",11115,MZ1-2917A02
Picker02,"2017-01-20 10:13:34",11153,MZ1-2923D01
Picker02,"2017-01-20 10:13:39",11153,MZ1-2923D01
Picker02,"2017-01-20 10:14:04",11233,MZ1-2932A03
Picker02,"2017-01-20 10:14:18",11251,MZ1-2934A03
Picker02,"2017-01-20 10:14:39",11328,MZ1-2942D05
Picker02,"2017-01-20 10:17:54",11562,MZ1-3104A02
Picker02,"2017-01-20 10:18:12",11562,MZ1-3104A02
Picker02,"2017-01-20 10:18:17",11562,MZ1-3104A02
Picker02,"2017-01-20 10:18:33",11588,MZ1-3107A01
Picker02,"2017-01-20 10:18:38",11588,MZ1-3107A01
Picker02,"2017-01-20 10:18:43",11588,MZ1-3107A01
Picker02,"2017-01-20 10:19:01",11588,MZ1-3107A01
Picker02,"2017-01-20 10:19:07",11588,MZ1-3107A01
Picker02,"2017-01-20 10:21:54",11633,MZ1-3112A02
Picker02,"2017-01-20 10:22:15",11670,MZ1-3116A03
Picker02,"2017-01-20 10:22:20",11670,MZ1-3116A03
Picker02,"2017-01-20 10:22:36",11670,MZ1-3116A03
Picker02,"2017-01-20 10:23:01",11792,MZ1-3132A01
Picker02,"2017-01-20 10:23:06",11792,MZ1-3132A01
Picker02,"2017-01-20 10:23:22",11811,MZ1-3134A02
Picker02,"2017-01-20 10:24:05",11812,MZ1-3134A03
Picker02,"2017-01-20 10:24:09",11812,MZ1-3134A03
Picker02,"2017-01-20 10:24:14",11812,MZ1-3134A03
Picker02,"2017-01-20 10:24:59",12227,MZ1-3315A02
Picker02,"2017-01-20 10:25:07",12227,MZ1-3315A02
Picker02,"2017-01-20 10:25:22",12309,MZ1-3326A03
Picker02,"2017-01-20 10:25:34",12309,MZ1-3326A03
Picker02,"2017-01-20 10:26:47",12362,MZ1-3332A02
Picker02,"2017-01-20 10:26:54",12363,MZ1-3332A03
Picker02,"2017-01-20 10:27:06",12398,MZ1-3336A02
Picker02,"2017-01-20 10:27:20",12409,MZ1-3337D01
Picker02,"2017-01-20 10:32:29",4170,MZ1-0338D05
Picker02,"2017-01-20 10:34:01",4456,MZ1-0531A03
Picker02,"2017-01-20 10:34:34",4846,MZ1-0715A03
Picker02,"2017-01-20 10:35:14",5282,MZ1-0839D01
Picker02,"2017-01-20 10:35:28",5283,MZ1-0839D02
Picker02,"2017-01-20 10:36:56",5842,MZ1-1038D03
Picker02,"2017-01-20 10:37:37",5872,MZ1-1103A03
Picker02,"2017-01-20 10:38:50",9850,MZ1-2503A03
Picker02,"2017-01-20 10:39:28",10064,MZ1-2529A01
Picker02,"2017-01-20 10:39:33",10064,MZ1-2529A01
Picker02,"2017-01-20 10:39:39",10064,MZ1-2529A01
Picker02,"2017-01-20 10:40:09",10074,MZ1-2530A02
Picker02,"2017-01-20 10:40:50",10438,MZ1-2705A03
Picker02,"2017-01-20 10:40:55",10438,MZ1-2705A03
Picker02,"2017-01-20 10:41:46",10608,MZ1-2726A02
Picker02,"2017-01-20 10:42:03",10680,MZ1-2734A02
Picker02,"2017-01-20 10:42:40",10698,MZ1-2736A02
Picker02,"2017-01-20 10:42:47",10698,MZ1-2736A02
Picker02,"2017-01-20 10:43:31",10849,MZ1-2817D06
Picker02,"2017-01-20 10:43:49",10858,MZ1-2819D03
Picker02,"2017-01-20 10:44:06",10859,MZ1-2819D04
Picker02,"2017-01-20 10:44:11",10859,MZ1-2819D04
Picker02,"2017-01-20 10:44:24",10859,MZ1-2819D04
Picker02,"2017-01-20 10:44:40",11115,MZ1-2917A02
Picker02,"2017-01-20 10:45:41",11169,MZ1-2925A02
Picker02,"2017-01-20 10:45:58",11286,MZ1-2938A02
Picker02,"2017-01-20 10:47:07",11553,MZ1-3103A02
Picker02,"2017-01-20 10:47:15",11562,MZ1-3104A02
Picker02,"2017-01-20 10:48:28",11593,MZ1-3107D03
Picker02,"2017-01-20 10:48:34",11593,MZ1-3107D03
Picker02,"2017-01-20 10:49:00",11652,MZ1-3114A03
Picker02,"2017-01-20 10:49:07",11652,MZ1-3114A03
Picker02,"2017-01-20 10:49:34",11757,MZ1-3128A02
Picker02,"2017-01-20 10:49:38",11757,MZ1-3128A02
Picker02,"2017-01-20 10:49:43",11757,MZ1-3128A02
Picker02,"2017-01-20 10:49:59",11792,MZ1-3132A01
Picker02,"2017-01-20 10:50:04",11792,MZ1-3132A01
Picker02,"2017-01-20 10:50:08",11792,MZ1-3132A01
Picker02,"2017-01-20 10:50:36",11828,MZ1-3136A01
Picker02,"2017-01-20 10:51:31",12138,MZ1-3305A03
Picker02,"2017-01-20 10:51:36",12138,MZ1-3305A03
Picker02,"2017-01-20 10:51:41",12138,MZ1-3305A03
Picker02,"2017-01-20 10:52:28",12205,MZ1-3312D04
Picker02,"2017-01-20 10:52:40",12206,MZ1-3312D05
Picker02,"2017-01-20 10:52:54",12271,MZ1-3320A01
Picker02,"2017-01-20 10:53:22",12281,MZ1-3323A02
Picker02,"2017-01-20 10:53:31",12282,MZ1-3323A03
Picker02,"2017-01-20 10:54:11",12354,MZ1-3331A03
Picker02,"2017-01-20 10:55:04",13251,MZ1-3637D01
Picker02,"2017-01-20 10:55:41",13259,MZ1-3638D03
Picker02,"2017-01-20 10:55:47",13259,MZ1-3638D03
Picker02,"2017-01-20 10:55:53",13259,MZ1-3638D03
Picker02,"2017-01-20 10:55:59",13259,MZ1-3638D03
Picker02,"2017-01-20 11:00:17",3525,MZ1-0119D05
Picker02,"2017-01-20 11:02:09",3895,MZ1-0306A03
Picker02,"2017-01-20 11:02:21",3895,MZ1-0306A03
Picker02,"2017-01-20 11:02:37",3903,MZ1-0307A02
Picker02,"2017-01-20 11:03:45",3923,MZ1-0309D01
Picker02,"2017-01-20 11:04:02",3923,MZ1-0309D01
Picker02,"2017-01-20 11:04:28",3960,MZ1-0313D02
Picker02,"2017-01-20 11:05:18",3903,MZ1-0307A02
Picker02,"2017-01-20 11:05:55",3979,MZ1-0315D03
Picker02,"2017-01-20 11:06:37",4004,MZ1-0318D01
Picker02,"2017-01-20 11:06:57",4004,MZ1-0318D01
Picker02,"2017-01-20 11:08:56",4010,MZ1-0319A01
Picker02,"2017-01-20 11:11:49",4020,MZ1-0320A02
Picker02,"2017-01-20 11:12:32",4020,MZ1-0320A02
Picker02,"2017-01-20 11:12:39",4020,MZ1-0320A02
Picker02,"2017-01-20 11:13:19",5748,MZ1-1020D02
Picker02,"2017-01-20 11:13:52",7716,MZ1-1718D03
Picker02,"2017-01-20 11:14:14",7771,MZ1-1726D04
Picker02,"2017-01-20 11:14:47",7786,MZ1-1728D01
Picker02,"2017-01-20 11:14:52",7786,MZ1-1728D01
Picker02,"2017-01-20 11:15:18",7795,MZ1-1729D01
Picker02,"2017-01-20 11:15:23",7795,MZ1-1729D01
Picker02,"2017-01-20 11:17:28",9387,MZ1-2315A02
Picker02,"2017-01-20 11:18:40",10427,MZ1-2704A01
Picker02,"2017-01-20 11:19:04",10427,MZ1-2704A01
Picker02,"2017-01-20 11:19:14",10427,MZ1-2704A01
Picker02,"2017-01-20 11:20:00",10445,MZ1-2706A01
Picker02,"2017-01-20 11:20:36",10598,MZ1-2725A01
Picker02,"2017-01-20 11:20:55",10681,MZ1-2734A03
Picker02,"2017-01-20 11:22:01",10689,MZ1-2735A02
Picker02,"2017-01-20 11:23:30",11783,MZ1-3131A01
Picker02,"2017-01-20 11:23:44",11783,MZ1-3131A01
Picker02,"2017-01-20 11:23:49",11783,MZ1-3131A01
Picker02,"2017-01-20 11:23:58",11783,MZ1-3131A01
Picker02,"2017-01-20 11:25:01",11854,MZ1-3139A01
Picker02,"2017-01-20 11:25:18",11854,MZ1-3139A01
Picker02,"2017-01-20 12:10:17",16732,MZ2-0716B03
Picker02,"2017-01-20 12:10:31",16732,MZ2-0716B03
Picker02,"2017-01-20 12:10:36",16732,MZ2-0716B03
Picker02,"2017-01-20 12:10:50",16732,MZ2-0716B03
Picker02,"2017-01-20 12:12:07",18429,MZ2-1012D05
Picker02,"2017-01-20 12:15:27",19297,MZ2-1135B01
Picker02,"2017-01-20 12:15:33",19297,MZ2-1135B01
Picker02,"2017-01-20 12:17:12",21650,MZ2-1539B02
Picker02,"2017-01-20 12:17:41",21669,MZ2-1540B03
Picker02,"2017-01-20 12:17:48",21669,MZ2-1540B03
Picker02,"2017-01-20 12:18:56",22072,MZ2-1634D01
Picker02,"2017-01-20 12:19:01",22072,MZ2-1634D01
Picker02,"2017-01-20 12:20:09",22737,MZ2-1736B03
Picker02,"2017-01-20 12:20:15",22737,MZ2-1736B03
Picker02,"2017-01-20 12:20:20",22737,MZ2-1736B03
Picker02,"2017-01-20 12:20:31",22737,MZ2-1736B03
Picker02,"2017-01-20 12:21:41",25731,MZ2-2310D05
Picker02,"2017-01-20 12:21:46",25731,MZ2-2310D05
Picker02,"2017-01-20 12:22:36",27852,MZ2-2641D02
Picker02,"2017-01-20 12:23:24",29872,MZ2-3018D02
Picker02,"2017-01-20 12:26:40",36355,MZ3-0539D05
Picker02,"2017-01-20 12:29:32",28984,MZ2-2840D06
Picker02,"2017-01-20 12:35:52",25598,MZ2-2303C04
Picker02,"2017-01-20 12:36:51",3413,MZ1-0104A01
Picker02,"2017-01-20 12:37:33",3900,MZ1-0306D05
Picker02,"2017-01-20 12:37:38",3900,MZ1-0306D05
Picker02,"2017-01-20 12:38:33",3917,MZ1-0308D04
Picker02,"2017-01-20 12:39:01",3924,MZ1-0309D02
Picker02,"2017-01-20 12:40:27",3991,MZ1-0316D06
Picker02,"2017-01-20 12:41:34",4020,MZ1-0320A02
Picker02,"2017-01-20 12:41:41",4020,MZ1-0320A02
Picker02,"2017-01-20 12:42:51",4170,MZ1-0338D05
Picker02,"2017-01-20 12:43:53",4428,MZ1-0528A02
Picker02,"2017-01-20 12:44:04",4428,MZ1-0528A02
Picker02,"2017-01-20 12:45:51",5837,MZ1-1037D04
Picker02,"2017-01-20 12:46:10",5837,MZ1-1037D04
Picker02,"2017-01-20 12:46:19",5842,MZ1-1038D03
Picker02,"2017-01-20 12:46:24",5842,MZ1-1038D03
Picker02,"2017-01-20 12:46:44",5852,MZ1-1040D01
Picker02,"2017-01-20 12:46:50",5852,MZ1-1040D01
Picker02,"2017-01-20 12:48:05",6276,MZ1-1214D03
Picker02,"2017-01-20 12:48:53",7771,MZ1-1726D04
Picker02,"2017-01-20 12:54:11",9859,MZ1-2504A03
Picker02,"2017-01-20 12:54:20",9877,MZ1-2506A03
Picker02,"2017-01-20 12:54:25",9877,MZ1-2506A03
Picker02,"2017-01-20 12:55:02",9994,MZ1-2519A03
Picker02,"2017-01-20 12:55:19",10028,MZ1-2525A01
Picker02,"2017-01-20 12:55:23",10028,MZ1-2525A01
Picker02,"2017-01-20 12:55:29",10028,MZ1-2525A01
Picker02,"2017-01-20 12:55:33",10028,MZ1-2525A01
Picker02,"2017-01-20 12:55:39",10028,MZ1-2525A01
Picker02,"2017-01-20 12:55:44",10028,MZ1-2525A01
Picker02,"2017-01-20 12:56:28",10029,MZ1-2525A02
Picker02,"2017-01-20 12:56:32",10029,MZ1-2525A02
Picker02,"2017-01-20 12:56:37",10029,MZ1-2525A02
Picker02,"2017-01-20 12:56:55",10038,MZ1-2526A02
Picker02,"2017-01-20 12:57:00",10038,MZ1-2526A02
Picker02,"2017-01-20 12:57:05",10038,MZ1-2526A02
Picker02,"2017-01-20 12:57:10",10038,MZ1-2526A02
Picker02,"2017-01-20 12:57:14",10038,MZ1-2526A02
Picker02,"2017-01-20 12:57:19",10038,MZ1-2526A02
Picker02,"2017-01-20 12:58:03",10038,MZ1-2526A02
Picker02,"2017-01-20 12:59:17",10608,MZ1-2726A02
Picker02,"2017-01-20 13:00:55",10635,MZ1-2729A02
Picker02,"2017-01-20 13:01:42",10670,MZ1-2733A01
Picker02,"2017-01-20 13:01:50",10670,MZ1-2733A01
Picker02,"2017-01-20 13:06:50",10670,MZ1-2733A01
Picker02,"2017-01-20 13:06:55",10670,MZ1-2733A01
Picker02,"2017-01-20 13:14:27",10762,MZ1-2803D03
Picker02,"2017-01-20 13:14:46",10769,MZ1-2804D04
Picker02,"2017-01-20 13:14:56",10770,MZ1-2804D05
Picker02,"2017-01-20 13:15:18",10817,MZ1-2812D04
Picker02,"2017-01-20 13:17:35",10843,MZ1-2816D06
Picker02,"2017-01-20 13:17:43",10843,MZ1-2816D06
Picker02,"2017-01-20 13:18:02",10865,MZ1-2820D04
Picker02,"2017-01-20 13:18:58",11008,MZ1-2905A03
Picker02,"2017-01-20 13:19:43",11013,MZ1-2905D05
Picker02,"2017-01-20 13:20:09",11109,MZ1-2916D02
Picker02,"2017-01-20 13:20:38",11151,MZ1-2923A02
Picker02,"2017-01-20 13:20:57",11152,MZ1-2923A03
Picker02,"2017-01-20 13:22:55",11563,MZ1-3104A03
Picker02,"2017-01-20 13:23:01",11563,MZ1-3104A03
Picker02,"2017-01-20 13:25:36",11589,MZ1-3107A02
Picker02,"2017-01-20 13:26:10",11589,MZ1-3107A02
Picker02,"2017-01-20 13:26:28",11590,MZ1-3107A03
Picker02,"2017-01-20 13:26:38",11590,MZ1-3107A03
Picker02,"2017-01-20 13:27:03",11670,MZ1-3116A03
Picker02,"2017-01-20 13:27:26",11671,MZ1-3116D01
Picker02,"2017-01-20 13:27:30",11671,MZ1-3116D01
Picker02,"2017-01-20 13:27:40",11686,MZ1-3118A01
Picker02,"2017-01-20 13:28:15",11801,MZ1-3133A01
Picker02,"2017-01-20 13:29:04",12141,MZ1-3305D03
Picker02,"2017-01-20 13:30:00",12174,MZ1-3309A03
Picker02,"2017-01-20 13:34:55",11589,MZ1-3107A02
Picker02,"2017-01-20 13:35:22",11630,MZ1-3111D05
Picker02,"2017-01-20 13:35:58",11696,MZ1-3119A03
Picker02,"2017-01-20 13:36:12",11703,MZ1-3120A01
Picker02,"2017-01-20 13:36:25",11703,MZ1-3120A01
Picker02,"2017-01-20 13:36:36",11703,MZ1-3120A01
Picker02,"2017-01-20 13:36:56",11706,MZ1-3120D01
Picker02,"2017-01-20 13:37:21",11714,MZ1-3123A03
Picker02,"2017-01-20 13:37:30",11714,MZ1-3123A03
Picker02,"2017-01-20 13:38:25",11730,MZ1-3125A01
Picker02,"2017-01-20 13:38:49",11730,MZ1-3125A01
Picker02,"2017-01-20 13:38:58",11730,MZ1-3125A01
Picker02,"2017-01-20 13:39:15",11751,MZ1-3127D01
Picker02,"2017-01-20 13:39:58",11751,MZ1-3127D01
Picker02,"2017-01-20 13:40:13",11751,MZ1-3127D01
Picker02,"2017-01-20 13:42:27",11751,MZ1-3127D01
Picker02,"2017-01-20 13:42:37",11751,MZ1-3127D01
Picker02,"2017-01-20 13:42:48",11751,MZ1-3127D01
Picker02,"2017-01-20 13:43:41",11812,MZ1-3134A03
Picker02,"2017-01-20 13:43:50",11812,MZ1-3134A03
Picker02,"2017-01-20 13:43:55",11812,MZ1-3134A03
Picker02,"2017-01-20 13:44:22",11819,MZ1-3135A01
Picker02,"2017-01-20 13:45:05",11836,MZ1-3137A01
Picker02,"2017-01-20 13:45:14",11837,MZ1-3137A02
Picker02,"2017-01-20 13:45:31",11839,MZ1-3137D01
Picker02,"2017-01-20 13:45:44",11843,MZ1-3137D05
Picker02,"2017-01-20 13:45:54",11843,MZ1-3137D05
Picker02,"2017-01-20 13:46:02",11855,MZ1-3139A02
Picker02,"2017-01-20 13:46:21",11857,MZ1-3139D01
Picker02,"2017-01-20 13:46:28",11857,MZ1-3139D01
Picker02,"2017-01-20 13:46:36",11857,MZ1-3139D01
Picker02,"2017-01-20 13:46:41",11857,MZ1-3139D01
Picker02,"2017-01-20 13:46:56",11857,MZ1-3139D01
Picker02,"2017-01-20 13:47:00",11857,MZ1-3139D01
Picker02,"2017-01-20 13:47:06",11857,MZ1-3139D01
Picker02,"2017-01-20 13:47:13",11857,MZ1-3139D01
Picker02,"2017-01-20 13:47:17",11857,MZ1-3139D01
Picker02,"2017-01-20 13:48:03",12008,MZ1-3224D05
Picker02,"2017-01-20 13:48:13",12008,MZ1-3224D05
Picker02,"2017-01-20 13:50:06",12147,MZ1-3306A03
Picker02,"2017-01-20 13:50:12",12147,MZ1-3306A03
Picker02,"2017-01-20 13:50:31",12147,MZ1-3306A03
Picker02,"2017-01-20 13:50:44",12147,MZ1-3306A03
Picker02,"2017-01-20 13:52:33",12292,MZ1-3324D01
Picker02,"2017-01-20 13:52:39",12292,MZ1-3324D01
Picker02,"2017-01-20 13:52:49",12292,MZ1-3324D01
Picker02,"2017-01-20 13:53:02",12292,MZ1-3324D01
Picker02,"2017-01-20 13:53:12",12292,MZ1-3324D01
Picker02,"2017-01-20 13:53:23",12295,MZ1-3324D04
Picker02,"2017-01-20 13:53:54",12375,MZ1-3333D03
Picker02,"2017-01-20 14:05:12",11624,MZ1-3111A02
Picker02,"2017-01-20 14:05:50",12292,MZ1-3324D01
Picker02,"2017-01-20 14:06:12",12295,MZ1-3324D04
Picker02,"2017-01-20 14:06:35",12375,MZ1-3333D03
Picker02,"2017-01-20 14:08:47",3453,MZ1-0111A02
Picker02,"2017-01-20 14:09:36",5987,MZ1-1116A02
Picker02,"2017-01-20 14:10:28",10084,MZ1-2531A03
Picker02,"2017-01-20 14:10:32",10084,MZ1-2531A03
Picker02,"2017-01-20 14:10:37",10084,MZ1-2531A03
Picker02,"2017-01-20 14:11:10",10084,MZ1-2531A03
Picker02,"2017-01-20 14:11:56",11150,MZ1-2923A01
Picker02,"2017-01-20 14:12:04",11151,MZ1-2923A02
Picker02,"2017-01-20 14:12:18",11162,MZ1-2924D01
Picker02,"2017-01-20 14:12:29",11170,MZ1-2925A03
Picker02,"2017-01-20 14:12:39",11196,MZ1-2928A02
Picker02,"2017-01-20 14:12:43",11196,MZ1-2928A02
Picker02,"2017-01-20 14:13:34",11451,MZ1-3025D06
Picker02,"2017-01-20 14:13:39",11451,MZ1-3025D06
Picker02,"2017-01-20 14:14:57",11611,MZ1-3109D03
Picker02,"2017-01-20 14:15:10",11615,MZ1-3110A01
Picker02,"2017-01-20 14:15:32",11660,MZ1-3115A02
Picker02,"2017-01-20 14:16:00",11673,MZ1-3116D03
Picker02,"2017-01-20 14:16:12",11678,MZ1-3117A02
Picker02,"2017-01-20 14:16:40",11711,MZ1-3120D06
Picker02,"2017-01-20 14:17:04",11765,MZ1-3129A01
Picker02,"2017-01-20 14:17:16",11819,MZ1-3135A01
Picker02,"2017-01-20 14:24:08",12013,MZ1-3225D04
Picker02,"2017-01-20 14:25:17",12118,MZ1-3303A01
Picker02,"2017-01-20 14:25:31",12127,MZ1-3304A01
Picker02,"2017-01-20 14:25:58",12128,MZ1-3304A02
Picker02,"2017-01-20 14:26:15",12138,MZ1-3305A03
Picker02,"2017-01-20 14:27:16",12191,MZ1-3311A02
Picker02,"2017-01-20 14:27:38",12191,MZ1-3311A02
Picker02,"2017-01-20 14:28:16",12247,MZ1-3317D01
Picker02,"2017-01-20 14:28:31",12288,MZ1-3323D06
Picker02,"2017-01-20 14:28:44",12308,MZ1-3326A02
Picker02,"2017-01-20 14:29:03",12325,MZ1-3328A01
Picker02,"2017-01-20 14:29:09",12325,MZ1-3328A01
Picker02,"2017-01-20 14:29:14",12325,MZ1-3328A01
Picker02,"2017-01-20 14:29:20",12325,MZ1-3328A01
Picker02,"2017-01-20 14:29:28",12325,MZ1-3328A01
Picker02,"2017-01-20 14:29:33",12325,MZ1-3328A01
Picker02,"2017-01-20 14:30:18",12325,MZ1-3328A01
Picker02,"2017-01-20 14:30:35",12325,MZ1-3328A01
Picker02,"2017-01-20 14:34:42",12348,MZ1-3330D03
Picker02,"2017-01-20 14:34:48",12348,MZ1-3330D03
Picker02,"2017-01-20 14:35:11",12372,MZ1-3333A03
Picker02,"2017-01-20 14:35:24",12372,MZ1-3333A03
Picker02,"2017-01-20 14:35:36",12372,MZ1-3333A03
Picker02,"2017-01-20 14:36:38",12381,MZ1-3334A03
Picker02,"2017-01-20 14:36:50",12391,MZ1-3335D01
Picker02,"2017-01-20 14:36:55",12391,MZ1-3335D01
Picker02,"2017-01-20 14:39:20",12703,MZ1-3504D04
Picker02,"2017-01-20 14:39:25",12703,MZ1-3504D04
Picker02,"2017-01-20 14:39:52",12758,MZ1-3510D05
Picker02,"2017-01-20 14:40:01",12759,MZ1-3510D06
Picker02,"2017-01-20 14:40:09",12759,MZ1-3510D06
Picker02,"2017-01-20 14:40:14",12759,MZ1-3510D06
Picker02,"2017-01-20 14:40:20",12759,MZ1-3510D06
Picker02,"2017-01-20 14:40:43",12777,MZ1-3512D06
Picker02,"2017-01-20 14:41:39",13131,MZ1-3619D01
Picker02,"2017-01-20 14:51:23",12327,MZ1-3328A03
Picker03,"2017-01-20 07:13:32",4029,MZ1-0323A02
Picker03,"2017-01-20 07:14:23",5461,MZ1-0920A03
Picker03,"2017-01-20 07:17:52",11623,MZ1-3111A01
Picker03,"2017-01-20 07:18:22",11660,MZ1-3115A02
Picker03,"2017-01-20 07:18:29",11677,MZ1-3117A01
Picker03,"2017-01-20 07:19:41",11898,MZ1-3204D03
Picker03,"2017-01-20 07:19:49",11898,MZ1-3204D03
Picker03,"2017-01-20 07:20:08",11898,MZ1-3204D03
Picker03,"2017-01-20 07:20:56",11991,MZ1-3219D06
Picker03,"2017-01-20 07:34:40",17967,MZ2-0923C05
Picker03,"2017-01-20 07:35:20",21604,MZ2-1536D01
Picker03,"2017-01-20 07:35:25",21604,MZ2-1536D01
Picker03,"2017-01-20 07:36:13",24859,MZ2-2127D03
Picker03,"2017-01-20 07:38:48",40915,MZ3-1341B02
Picker03,"2017-01-20 07:39:32",41194,MZ3-1425D02
Picker03,"2017-01-20 07:40:30",48517,MZ3-2718C02
Picker03,"2017-01-20 07:40:54",49183,MZ3-2826D02
Picker03,"2017-01-20 07:43:14",53302,MZ3-3533C05
Picker03,"2017-01-20 07:53:21",55149,SEC-0504A02
Picker03,"2017-01-20 07:53:51",55159,SEC-0504B05
Picker03,"2017-01-20 07:55:46",55180,SEC-0505B02
Picker03,"2017-01-20 07:56:03",55196,SEC-0506A01
Picker03,"2017-01-20 07:56:19",55207,SEC-0506B05
Picker03,"2017-01-20 07:56:47",55241,SEC-0507D04
Picker03,"2017-01-20 07:57:19",55251,SEC-0508B01
Picker03,"2017-01-20 07:57:29",55251,SEC-0508B01
Picker03,"2017-01-20 07:57:45",55396,SEC-0514B02
Picker03,"2017-01-20 07:58:20",55465,SEC-0517A06
Picker03,"2017-01-20 07:58:30",55489,SEC-0518A06
Picker03,"2017-01-20 08:03:47",9924,MZ1-2511D02
Picker03,"2017-01-20 08:03:53",9924,MZ1-2511D02
Picker03,"2017-01-20 08:04:05",9924,MZ1-2511D02
Picker03,"2017-01-20 08:04:48",10083,MZ1-2531A02
Picker03,"2017-01-20 08:05:03",10102,MZ1-2533A03
Picker03,"2017-01-20 08:06:04",10436,MZ1-2705A01
Picker03,"2017-01-20 08:06:09",10436,MZ1-2705A01
Picker03,"2017-01-20 08:06:21",10436,MZ1-2705A01
Picker03,"2017-01-20 08:06:48",11028,MZ1-2907D02
Picker03,"2017-01-20 08:06:59",11030,MZ1-2907D04
Picker03,"2017-01-20 08:08:08",11156,MZ1-2923D04
Picker03,"2017-01-20 08:08:19",11156,MZ1-2923D04
Picker03,"2017-01-20 08:08:25",11156,MZ1-2923D04
Picker03,"2017-01-20 08:08:54",11312,MZ1-2941A01
Picker03,"2017-01-20 08:14:33",12138,MZ1-3305A03
Picker03,"2017-01-20 08:14:57",12242,MZ1-3316D05
Picker03,"2017-01-20 08:15:07",12242,MZ1-3316D05
Picker03,"2017-01-20 08:16:18",12356,MZ1-3331D02
Picker03,"2017-01-20 08:23:10",36396,MZ3-0542B01
Picker03,"2017-01-20 08:35:13",55323,SEC-0511B01
Picker03,"2017-01-20 08:35:40",55343,SEC-0512A04
Picker03,"2017-01-20 08:36:15",55373,SEC-0513B03
Picker03,"2017-01-20 08:36:25",55375,SEC-0513B05
Picker03,"2017-01-20 08:36:39",55392,SEC-0514A05
Picker03,"2017-01-20 08:36:48",55400,SEC-0514B06
Picker03,"2017-01-20 08:36:57",55400,SEC-0514B06
Picker03,"2017-01-20 08:37:19",55419,SEC-0515B01
Picker03,"2017-01-20 08:37:38",55502,SEC-0518D01
Picker03,"2017-01-20 08:37:55",55517,SEC-0519B03
Picker03,"2017-01-20 08:42:13",10491,MZ1-2711A02
Picker03,"2017-01-20 08:44:25",10590,MZ1-2724A02
Picker03,"2017-01-20 08:48:56",11606,MZ1-3109A01
Picker03,"2017-01-20 08:49:13",11625,MZ1-3111A03
Picker03,"2017-01-20 08:50:22",11634,MZ1-3112A03
Picker03,"2017-01-20 08:50:36",11660,MZ1-3115A02
Picker03,"2017-01-20 08:50:56",11663,MZ1-3115D02
Picker03,"2017-01-20 08:51:12",11663,MZ1-3115D02
Picker03,"2017-01-20 08:51:28",11669,MZ1-3116A02
Picker03,"2017-01-20 08:51:42",11669,MZ1-3116A02
Picker03,"2017-01-20 08:52:20",12335,MZ1-3329A02
Picker03,"2017-01-20 08:52:52",12355,MZ1-3331D01
Picker03,"2017-01-20 08:53:17",12355,MZ1-3331D01
Picker03,"2017-01-20 08:53:59",12371,MZ1-3333A02
Picker03,"2017-01-20 08:54:04",12371,MZ1-3333A02
Picker03,"2017-01-20 08:54:22",12387,MZ1-3334D06
Picker03,"2017-01-20 08:55:13",13182,MZ1-3627D06
Picker03,"2017-01-20 08:59:59",55124,SEC-0503A01
Picker03,"2017-01-20 09:01:15",55128,SEC-0503A05
Picker03,"2017-01-20 09:01:42",55128,SEC-0503A05
Picker03,"2017-01-20 09:01:51",55128,SEC-0503A05
Picker03,"2017-01-20 09:02:01",55128,SEC-0503A05
Picker03,"2017-01-20 09:02:17",55129,SEC-0503A06
Picker03,"2017-01-20 09:02:41",55129,SEC-0503A06
Picker03,"2017-01-20 09:02:54",55153,SEC-0504A06
Picker03,"2017-01-20 09:03:15",55172,SEC-0505A01
Picker03,"2017-01-20 09:03:26",55198,SEC-0506A03
Picker03,"2017-01-20 09:03:37",55204,SEC-0506B02
Picker03,"2017-01-20 09:04:08",55542,SEC-0520D03
Picker03,"2017-01-20 09:08:37",10817,MZ1-2812D04
Picker03,"2017-01-20 09:09:37",11151,MZ1-2923A02
Picker03,"2017-01-20 09:09:53",11184,MZ1-2926D05
Picker03,"2017-01-20 09:10:24",11660,MZ1-3115A02
Picker03,"2017-01-20 09:11:37",11846,MZ1-3138A02
Picker03,"2017-01-20 09:12:33",12128,MZ1-3304A02
Picker03,"2017-01-20 09:12:39",12138,MZ1-3305A03
Picker03,"2017-01-20 09:22:42",12303,MZ1-3325D03
Picker03,"2017-01-20 09:23:16",12417,MZ1-3338A03
Picker03,"2017-01-20 09:29:55",46097,MZ3-2310C06
Picker03,"2017-01-20 09:37:28",55125,SEC-0503A02
Picker03,"2017-01-20 09:37:33",55125,SEC-0503A02
Picker03,"2017-01-20 09:37:53",55125,SEC-0503A02
Picker03,"2017-01-20 09:38:10",55176,SEC-0505A05
Picker03,"2017-01-20 09:38:15",55176,SEC-0505A05
Picker03,"2017-01-20 09:38:32",55194,SEC-0505D05
Picker03,"2017-01-20 09:38:46",55196,SEC-0506A01
Picker03,"2017-01-20 09:38:59",55197,SEC-0506A02
Picker03,"2017-01-20 09:39:10",55197,SEC-0506A02
Picker03,"2017-01-20 09:39:31",55321,SEC-0511A06
Picker03,"2017-01-20 09:39:36",55321,SEC-0511A06
Picker03,"2017-01-20 09:40:07",55392,SEC-0514A05
Picker03,"2017-01-20 09:40:12",55392,SEC-0514A05
Picker03,"2017-01-20 09:40:25",55393,SEC-0514A06
Picker03,"2017-01-20 09:40:30",55393,SEC-0514A06
Picker03,"2017-01-20 09:40:56",55395,SEC-0514B01
Picker03,"2017-01-20 09:41:04",55395,SEC-0514B01
Picker03,"2017-01-20 09:41:09",55395,SEC-0514B01
Picker03,"2017-01-20 09:41:38",55406,SEC-0514D01
Picker03,"2017-01-20 09:45:22",10163,MZ1-2540A01
Picker03,"2017-01-20 09:46:19",10770,MZ1-2804D05
Picker03,"2017-01-20 09:47:10",11004,MZ1-2904D05
Picker03,"2017-01-20 09:47:52",11152,MZ1-2923A03
Picker03,"2017-01-20 09:47:58",11152,MZ1-2923A03
Picker03,"2017-01-20 09:48:06",11152,MZ1-2923A03
Picker03,"2017-01-20 09:50:08",11576,MZ1-3105D04
Picker03,"2017-01-20 09:50:25",11625,MZ1-3111A03
Picker03,"2017-01-20 09:50:38",11651,MZ1-3114A02
Picker03,"2017-01-20 09:51:01",11676,MZ1-3116D06
Picker03,"2017-01-20 09:56:50",12133,MZ1-3304D04
Picker03,"2017-01-20 09:58:33",12174,MZ1-3309A03
Picker03,"2017-01-20 09:58:44",12210,MZ1-3313A03
Picker03,"2017-01-20 09:59:30",12416,MZ1-3338A02
Picker03,"2017-01-20 09:59:43",12434,MZ1-3340A02
Picker03,"2017-01-20 10:07:16",11152,MZ1-2923A03
Picker03,"2017-01-20 10:07:30",55125,SEC-0503A02
Picker03,"2017-01-20 10:07:38",55125,SEC-0503A02
Picker03,"2017-01-20 10:07:57",55129,SEC-0503A06
Picker03,"2017-01-20 10:09:02",55132,SEC-0503B02
Picker03,"2017-01-20 10:09:13",55134,SEC-0503B04
Picker03,"2017-01-20 10:09:25",55148,SEC-0504A01
Picker03,"2017-01-20 10:09:43",55160,SEC-0504B06
Picker03,"2017-01-20 10:09:54",55196,SEC-0506A01
Picker03,"2017-01-20 10:09:59",55196,SEC-0506A01
Picker03,"2017-01-20 10:10:24",55323,SEC-0511B01
Picker03,"2017-01-20 10:10:36",55366,SEC-0513A03
Picker03,"2017-01-20 10:10:45",55392,SEC-0514A05
Picker03,"2017-01-20 10:10:56",55392,SEC-0514A05
Picker03,"2017-01-20 10:11:21",55530,SEC-0520B02
Picker03,"2017-01-20 10:18:28",11625,MZ1-3111A03
Picker03,"2017-01-20 10:18:53",11625,MZ1-3111A03
Picker03,"2017-01-20 10:22:28",12127,MZ1-3304A01
Picker03,"2017-01-20 10:25:25",15068,MZ2-0417C04
Picker03,"2017-01-20 10:26:27",24379,MZ2-2037C03
Picker03,"2017-01-20 10:27:12",28762,MZ2-2820C06
Picker03,"2017-01-20 10:27:17",28762,MZ2-2820C06
Picker03,"2017-01-20 10:30:38",37893,MZ3-0833D01
Picker03,"2017-01-20 10:33:57",42054,MZ3-1541B01
Picker03,"2017-01-20 10:34:47",42231,MZ3-1615C01
Picker03,"2017-01-20 10:35:44",43909,MZ3-1915C05
Picker03,"2017-01-20 10:35:49",43909,MZ3-1915C05
Picker03,"2017-01-20 10:35:54",43909,MZ3-1915C05
Picker03,"2017-01-20 10:37:02",47266,MZ3-2512B02
Picker03,"2017-01-20 10:37:14",47267,MZ3-2512B03
Picker03,"2017-01-20 10:37:48",48550,MZ3-2720B02
Picker03,"2017-01-20 10:38:32",51044,MZ3-3134D03
Picker03,"2017-01-20 10:41:27",55127,SEC-0503A04
Picker03,"2017-01-20 10:41:47",55128,SEC-0503A05
Picker03,"2017-01-20 10:42:02",55128,SEC-0503A05
Picker03,"2017-01-20 10:43:05",55132,SEC-0503B02
Picker03,"2017-01-20 10:43:30",55184,SEC-0505B06
Picker03,"2017-01-20 10:43:35",55184,SEC-0505B06
Picker03,"2017-01-20 10:44:11",55278,SEC-0509B04
Picker03,"2017-01-20 10:44:39",55288,SEC-0509D03
Picker03,"2017-01-20 10:44:53",55321,SEC-0511A06
Picker03,"2017-01-20 10:44:59",55321,SEC-0511A06
Picker03,"2017-01-20 10:45:27",55400,SEC-0514B06
Picker03,"2017-01-20 10:46:21",55539,SEC-0520C04
Picker03,"2017-01-20 10:46:27",55539,SEC-0520C04
Picker03,"2017-01-20 11:13:05",725,HR2-0115C01
Picker03,"2017-01-20 11:19:35",4527,MZ1-0539A02
Picker03,"2017-01-20 11:20:55",5605,MZ1-0938A03
Picker03,"2017-01-20 11:25:13",7033,MZ1-1506A01
Picker03,"2017-01-20 12:07:19",8913,MZ1-2127D03
Picker03,"2017-01-20 12:08:09",9395,MZ1-2316A01
Picker03,"2017-01-20 12:08:50",9974,MZ1-2517A01
Picker03,"2017-01-20 12:09:22",10074,MZ1-2530A02
Picker03,"2017-01-20 12:09:54",10275,MZ1-2617D02
Picker03,"2017-01-20 12:10:29",10492,MZ1-2711A03
Picker03,"2017-01-20 12:11:06",10690,MZ1-2735A03
Picker03,"2017-01-20 12:11:17",10726,MZ1-2739A03
Picker03,"2017-01-20 12:12:41",11004,MZ1-2904D05
Picker03,"2017-01-20 12:13:09",11132,MZ1-2919A01
Picker03,"2017-01-20 12:13:36",11200,MZ1-2928D03
Picker03,"2017-01-20 12:13:58",11287,MZ1-2938A03
Picker03,"2017-01-20 12:14:52",11443,MZ1-3024D04
Picker03,"2017-01-20 12:15:30",11553,MZ1-3103A02
Picker03,"2017-01-20 12:16:30",11668,MZ1-3116A01
Picker03,"2017-01-20 12:18:34",11923,MZ1-3208D04
Picker03,"2017-01-20 12:19:25",11991,MZ1-3219D06
Picker03,"2017-01-20 12:19:30",11991,MZ1-3219D06
Picker03,"2017-01-20 12:20:56",12174,MZ1-3309A03
Picker03,"2017-01-20 12:21:38",12236,MZ1-3316A02
Picker03,"2017-01-20 12:28:37",12343,MZ1-3330A01
Picker03,"2017-01-20 12:32:24",13559,MZ2-0122A01
Picker03,"2017-01-20 12:32:54",14706,MZ2-0332C02
Picker03,"2017-01-20 12:33:34",17853,MZ2-0915B02
